<?xml version="1.0" encoding="UTF-8"?>
<!-- IMPORTANT: This is an internal file that has been generated
     by the Xilinx ISE software.  Any direct editing or
     changes made to this file may result in unpredictable
     behavior or data corruption.  It is strongly advised that
     users do not edit the contents of this file. -->
<DeviceUsageSummary rev="4">
<DesignStatistics TimeStamp="Thu Jun 22 21:52:56 2017"><group name="NetStatistics">
<item name="NumNets_Active" rev="4">
<attrib name="value" value="1957"/></item>
<item name="NumNets_Gnd" rev="4">
<attrib name="value" value="1"/></item>
<item name="NumNets_Vcc" rev="4">
<attrib name="value" value="1"/></item>
<item name="NumNodesOfType_Active_BRAMDUMMY" rev="4">
<attrib name="value" value="396"/></item>
<item name="NumNodesOfType_Active_CLKPIN" rev="4">
<attrib name="value" value="294"/></item>
<item name="NumNodesOfType_Active_CNTRLPIN" rev="4">
<attrib name="value" value="242"/></item>
<item name="NumNodesOfType_Active_DOUBLE" rev="4">
<attrib name="value" value="5680"/></item>
<item name="NumNodesOfType_Active_DUMMY" rev="4">
<attrib name="value" value="4810"/></item>
<item name="NumNodesOfType_Active_DUMMYBANK" rev="4">
<attrib name="value" value="102"/></item>
<item name="NumNodesOfType_Active_DUMMYESC" rev="4">
<attrib name="value" value="3"/></item>
<item name="NumNodesOfType_Active_GLOBAL" rev="4">
<attrib name="value" value="108"/></item>
<item name="NumNodesOfType_Active_HFULLHEX" rev="4">
<attrib name="value" value="46"/></item>
<item name="NumNodesOfType_Active_HLONG" rev="4">
<attrib name="value" value="7"/></item>
<item name="NumNodesOfType_Active_HUNIHEX" rev="4">
<attrib name="value" value="418"/></item>
<item name="NumNodesOfType_Active_INPUT" rev="4">
<attrib name="value" value="6090"/></item>
<item name="NumNodesOfType_Active_IOBOUTPUT" rev="4">
<attrib name="value" value="3"/></item>
<item name="NumNodesOfType_Active_OMUX" rev="4">
<attrib name="value" value="1548"/></item>
<item name="NumNodesOfType_Active_OUTPUT" rev="4">
<attrib name="value" value="1760"/></item>
<item name="NumNodesOfType_Active_PREBXBY" rev="4">
<attrib name="value" value="1659"/></item>
<item name="NumNodesOfType_Active_VFULLHEX" rev="4">
<attrib name="value" value="295"/></item>
<item name="NumNodesOfType_Active_VLONG" rev="4">
<attrib name="value" value="45"/></item>
<item name="NumNodesOfType_Active_VUNIHEX" rev="4">
<attrib name="value" value="527"/></item>
<item name="NumNodesOfType_Gnd_BRAMDUMMY" rev="4">
<attrib name="value" value="48"/></item>
<item name="NumNodesOfType_Gnd_CLKPIN" rev="4">
<attrib name="value" value="6"/></item>
<item name="NumNodesOfType_Gnd_DOUBLE" rev="4">
<attrib name="value" value="34"/></item>
<item name="NumNodesOfType_Gnd_DUMMYBANK" rev="4">
<attrib name="value" value="10"/></item>
<item name="NumNodesOfType_Gnd_INPUT" rev="4">
<attrib name="value" value="68"/></item>
<item name="NumNodesOfType_Gnd_OMUX" rev="4">
<attrib name="value" value="33"/></item>
<item name="NumNodesOfType_Gnd_OUTPUT" rev="4">
<attrib name="value" value="22"/></item>
<item name="NumNodesOfType_Gnd_PREBXBY" rev="4">
<attrib name="value" value="17"/></item>
<item name="NumNodesOfType_Gnd_VFULLHEX" rev="4">
<attrib name="value" value="8"/></item>
</group>
<group name="SiteStatistics">
<item name="IBUF-DIFFM" rev="4">
<attrib name="value" value="1"/></item>
<item name="IBUF-DIFFSI" rev="4">
<attrib name="value" value="1"/></item>
<item name="IOB-DIFFM" rev="4">
<attrib name="value" value="5"/></item>
<item name="IOB-DIFFS" rev="4">
<attrib name="value" value="4"/></item>
<item name="SLICEL-SLICEM" rev="4">
<attrib name="value" value="361"/></item>
</group>
<group name="MiscellaneousStatistics">
<item name="AGG_BONDED_IO" rev="3">
<attrib name="value" value="12"/></item>
<item name="AGG_IO" rev="3">
<attrib name="value" value="12"/></item>
<item name="AGG_SLICE" rev="3">
<attrib name="value" value="947"/></item>
<item name="NUM_4_INPUT_LUT" rev="3">
<attrib name="value" value="1603"/></item>
<item name="NUM_BONDED_IBUF" rev="3">
<attrib name="value" value="3"/></item>
<item name="NUM_BONDED_IOB" rev="3">
<attrib name="value" value="9"/></item>
<item name="NUM_BUFGMUX" rev="3">
<attrib name="value" value="4"/></item>
<item name="NUM_CYMUX" rev="3">
<attrib name="value" value="453"/></item>
<item name="NUM_LUT_RT" rev="3">
<attrib name="value" value="129"/></item>
<item name="NUM_MULT18X18SIO" rev="3">
<attrib name="value" value="6"/></item>
<item name="NUM_SLICEL" rev="3">
<attrib name="value" value="947"/></item>
<item name="NUM_SLICE_FF" rev="3">
<attrib name="value" value="384"/></item>
<item name="NUM_SLICE_LATCH" rev="3">
<attrib name="value" value="96"/></item>
<item name="NUM_XOR" rev="3">
<attrib name="value" value="320"/></item>
</group>
</DesignStatistics>
<DeviceUsage TimeStamp="Thu Jun 22 21:52:56 2017"><group name="SiteSummary">
<item name="BUFGMUX" rev="4">
<attrib name="total" value="1000000"/><attrib name="used" value="4"/></item>
<item name="BUFGMUX_GCLKMUX" rev="4">
<attrib name="total" value="1000000"/><attrib name="used" value="4"/></item>
<item name="BUFGMUX_GCLK_BUFFER" rev="4">
<attrib name="total" value="1000000"/><attrib name="used" value="4"/></item>
<item name="IBUF" rev="4">
<attrib name="total" value="1000000"/><attrib name="used" value="3"/></item>
<item name="IBUF_INBUF" rev="4">
<attrib name="total" value="1000000"/><attrib name="used" value="3"/></item>
<item name="IBUF_PAD" rev="4">
<attrib name="total" value="1000000"/><attrib name="used" value="3"/></item>
<item name="IOB" rev="4">
<attrib name="total" value="1000000"/><attrib name="used" value="9"/></item>
<item name="IOB_OUTBUF" rev="4">
<attrib name="total" value="1000000"/><attrib name="used" value="9"/></item>
<item name="IOB_PAD" rev="4">
<attrib name="total" value="1000000"/><attrib name="used" value="9"/></item>
<item name="MULT18X18SIO" rev="4">
<attrib name="total" value="1000000"/><attrib name="used" value="6"/></item>
<item name="MULT18X18SIO_MULT18X18SIO" rev="4">
<attrib name="total" value="1000000"/><attrib name="used" value="6"/></item>
<item name="SLICEL" rev="4">
<attrib name="total" value="1000000"/><attrib name="used" value="947"/></item>
<item name="SLICEL_C1VDD" rev="4">
<attrib name="total" value="1000000"/><attrib name="used" value="13"/></item>
<item name="SLICEL_C2VDD" rev="4">
<attrib name="total" value="1000000"/><attrib name="used" value="10"/></item>
<item name="SLICEL_CYMUXF" rev="4">
<attrib name="total" value="1000000"/><attrib name="used" value="236"/></item>
<item name="SLICEL_CYMUXG" rev="4">
<attrib name="total" value="1000000"/><attrib name="used" value="217"/></item>
<item name="SLICEL_F" rev="4">
<attrib name="total" value="1000000"/><attrib name="used" value="822"/></item>
<item name="SLICEL_F5MUX" rev="4">
<attrib name="total" value="1000000"/><attrib name="used" value="210"/></item>
<item name="SLICEL_F6MUX" rev="4">
<attrib name="total" value="1000000"/><attrib name="used" value="64"/></item>
<item name="SLICEL_FFX" rev="4">
<attrib name="total" value="1000000"/><attrib name="used" value="273"/></item>
<item name="SLICEL_FFY" rev="4">
<attrib name="total" value="1000000"/><attrib name="used" value="207"/></item>
<item name="SLICEL_G" rev="4">
<attrib name="total" value="1000000"/><attrib name="used" value="781"/></item>
<item name="SLICEL_GNDF" rev="4">
<attrib name="total" value="1000000"/><attrib name="used" value="79"/></item>
<item name="SLICEL_GNDG" rev="4">
<attrib name="total" value="1000000"/><attrib name="used" value="75"/></item>
<item name="SLICEL_XORF" rev="4">
<attrib name="total" value="1000000"/><attrib name="used" value="160"/></item>
<item name="SLICEL_XORG" rev="4">
<attrib name="total" value="1000000"/><attrib name="used" value="160"/></item>
</group>
</DeviceUsage>
<ReportConfigData TimeStamp="Thu Jun 22 21:52:56 2017"><group name="SLICEL_CYMUXF">
<item name="0" rev="4">
<attrib name="0" value="236"/><attrib name="0_INV" value="0"/></item>
<item name="1" rev="4">
<attrib name="1_INV" value="0"/><attrib name="1" value="236"/></item>
</group>
<group name="SLICEL_CYMUXG">
<item name="0" rev="4">
<attrib name="0" value="217"/><attrib name="0_INV" value="0"/></item>
</group>
<group name="IBUF_PAD">
<item name="IOATTRBOX" rev="4">
<attrib name="LVTTL" value="2"/><attrib name="LVCMOS33" value="1"/></item>
<item name="PULL" rev="4">
<attrib name="PULLDOWN" value="1"/></item>
</group>
<group name="SLICEL">
<item name="BX" rev="4">
<attrib name="BX_INV" value="3"/><attrib name="BX" value="371"/></item>
<item name="BY" rev="4">
<attrib name="BY" value="205"/><attrib name="BY_INV" value="1"/></item>
<item name="CE" rev="4">
<attrib name="CE" value="162"/><attrib name="CE_INV" value="10"/></item>
<item name="CIN" rev="4">
<attrib name="CIN_INV" value="0"/><attrib name="CIN" value="207"/></item>
<item name="CLK" rev="4">
<attrib name="CLK" value="262"/><attrib name="CLK_INV" value="32"/></item>
<item name="SR" rev="4">
<attrib name="SR" value="69"/><attrib name="SR_INV" value="1"/></item>
</group>
<group name="SLICEL_F6MUX">
<item name="S0" rev="4">
<attrib name="S0" value="64"/><attrib name="S0_INV" value="0"/></item>
</group>
<group name="IOB_OUTBUF">
<item name="IN" rev="4">
<attrib name="IN_INV" value="0"/><attrib name="IN" value="9"/></item>
</group>
<group name="MULT18X18SIO">
<item name="CEA" rev="4">
<attrib name="CEA_INV" value="0"/><attrib name="CEA" value="6"/></item>
<item name="CEB" rev="4">
<attrib name="CEB_INV" value="0"/><attrib name="CEB" value="6"/></item>
<item name="CEP" rev="4">
<attrib name="CEP" value="6"/><attrib name="CEP_INV" value="0"/></item>
<item name="CLK" rev="4">
<attrib name="CLK" value="6"/><attrib name="CLK_INV" value="0"/></item>
<item name="RSTA" rev="4">
<attrib name="RSTA" value="6"/><attrib name="RSTA_INV" value="0"/></item>
<item name="RSTB" rev="4">
<attrib name="RSTB" value="6"/><attrib name="RSTB_INV" value="0"/></item>
<item name="RSTP" rev="4">
<attrib name="RSTP_INV" value="0"/><attrib name="RSTP" value="6"/></item>
</group>
<group name="SLICEL_FFX">
<item name="CE" rev="4">
<attrib name="CE" value="156"/><attrib name="CE_INV" value="9"/></item>
<item name="CK" rev="4">
<attrib name="CK" value="241"/><attrib name="CK_INV" value="32"/></item>
<item name="D" rev="4">
<attrib name="D" value="270"/><attrib name="D_INV" value="3"/></item>
<item name="FFX_INIT_ATTR" rev="4">
<attrib name="INIT0" value="261"/><attrib name="INIT1" value="12"/></item>
<item name="FFX_SR_ATTR" rev="4">
<attrib name="SRLOW" value="261"/><attrib name="SRHIGH" value="12"/></item>
<item name="LATCH_OR_FF" rev="4">
<attrib name="FF" value="209"/><attrib name="LATCH" value="64"/></item>
<item name="REV" rev="4">
<attrib name="REV_INV" value="0"/><attrib name="REV" value="3"/></item>
<item name="SR" rev="4">
<attrib name="SR" value="53"/><attrib name="SR_INV" value="0"/></item>
<item name="SYNC_ATTR" rev="4">
<attrib name="ASYNC" value="241"/><attrib name="SYNC" value="32"/></item>
</group>
<group name="SLICEL_XORF">
<item name="1" rev="4">
<attrib name="1_INV" value="0"/><attrib name="1" value="160"/></item>
</group>
<group name="SLICEL_FFY">
<item name="CE" rev="4">
<attrib name="CE" value="125"/><attrib name="CE_INV" value="1"/></item>
<item name="CK" rev="4">
<attrib name="CK" value="175"/><attrib name="CK_INV" value="32"/></item>
<item name="D" rev="4">
<attrib name="D" value="206"/><attrib name="D_INV" value="1"/></item>
<item name="FFY_INIT_ATTR" rev="4">
<attrib name="INIT0" value="197"/><attrib name="INIT1" value="10"/></item>
<item name="FFY_SR_ATTR" rev="4">
<attrib name="SRLOW" value="197"/><attrib name="SRHIGH" value="10"/></item>
<item name="LATCH_OR_FF" rev="4">
<attrib name="FF" value="175"/><attrib name="LATCH" value="32"/></item>
<item name="REV" rev="4">
<attrib name="REV_INV" value="0"/><attrib name="REV" value="3"/></item>
<item name="SR" rev="4">
<attrib name="SR" value="57"/><attrib name="SR_INV" value="1"/></item>
<item name="SYNC_ATTR" rev="4">
<attrib name="ASYNC" value="175"/><attrib name="SYNC" value="32"/></item>
</group>
<group name="BUFGMUX_GCLKMUX">
<item name="DISABLE_ATTR" rev="4">
<attrib name="LOW" value="4"/></item>
<item name="S" rev="4">
<attrib name="S_INV" value="4"/><attrib name="S" value="0"/></item>
</group>
<group name="SLICEL_F5MUX">
<item name="S0" rev="4">
<attrib name="S0" value="210"/><attrib name="S0_INV" value="0"/></item>
</group>
<group name="MULT18X18SIO_MULT18X18SIO">
<item name="AREG" rev="4">
<attrib name="0" value="6"/></item>
<item name="BREG" rev="4">
<attrib name="0" value="6"/></item>
<item name="B_INPUT" rev="4">
<attrib name="DIRECT" value="6"/></item>
<item name="CEA" rev="4">
<attrib name="CEA_INV" value="0"/><attrib name="CEA" value="6"/></item>
<item name="CEB" rev="4">
<attrib name="CEB_INV" value="0"/><attrib name="CEB" value="6"/></item>
<item name="CEP" rev="4">
<attrib name="CEP" value="6"/><attrib name="CEP_INV" value="0"/></item>
<item name="CLK" rev="4">
<attrib name="CLK" value="6"/><attrib name="CLK_INV" value="0"/></item>
<item name="PREG" rev="4">
<attrib name="0" value="6"/></item>
<item name="PREG_CLKINVERSION" rev="4">
<attrib name="0" value="6"/></item>
<item name="RSTA" rev="4">
<attrib name="RSTA" value="6"/><attrib name="RSTA_INV" value="0"/></item>
<item name="RSTB" rev="4">
<attrib name="RSTB" value="6"/><attrib name="RSTB_INV" value="0"/></item>
<item name="RSTP" rev="4">
<attrib name="RSTP_INV" value="0"/><attrib name="RSTP" value="6"/></item>
</group>
<group name="IOB_PAD">
<item name="DRIVEATTRBOX" rev="4">
<attrib name="8" value="9"/></item>
<item name="IOATTRBOX" rev="4">
<attrib name="LVTTL" value="9"/></item>
<item name="SLEW" rev="4">
<attrib name="SLOW" value="9"/></item>
</group>
<group name="IOB">
<item name="O1" rev="4">
<attrib name="O1_INV" value="0"/><attrib name="O1" value="9"/></item>
</group>
<group name="BUFGMUX">
<item name="S" rev="4">
<attrib name="S_INV" value="4"/><attrib name="S" value="0"/></item>
</group>
</ReportConfigData>
<ReportPinData TimeStamp="Thu Jun 22 21:52:56 2017"><group name="SLICEL_CYMUXF">
<item name="0" rev="4">
<attrib name="value" value="236"/></item>
<item name="1" rev="4">
<attrib name="value" value="236"/></item>
<item name="OUT" rev="4">
<attrib name="value" value="236"/></item>
<item name="S0" rev="4">
<attrib name="value" value="236"/></item>
</group>
<group name="SLICEL_CYMUXG">
<item name="0" rev="4">
<attrib name="value" value="217"/></item>
<item name="1" rev="4">
<attrib name="value" value="217"/></item>
<item name="OUT" rev="4">
<attrib name="value" value="217"/></item>
<item name="S0" rev="4">
<attrib name="value" value="217"/></item>
</group>
<group name="IBUF_PAD">
<item name="PAD" rev="4">
<attrib name="value" value="3"/></item>
</group>
<group name="IBUF_INBUF">
<item name="IN" rev="4">
<attrib name="value" value="3"/></item>
<item name="OUT" rev="4">
<attrib name="value" value="3"/></item>
</group>
<group name="BUFGMUX_GCLK_BUFFER">
<item name="IN" rev="4">
<attrib name="value" value="4"/></item>
<item name="OUT" rev="4">
<attrib name="value" value="4"/></item>
</group>
<group name="SLICEL">
<item name="BX" rev="4">
<attrib name="value" value="374"/></item>
<item name="BY" rev="4">
<attrib name="value" value="206"/></item>
<item name="CE" rev="4">
<attrib name="value" value="172"/></item>
<item name="CIN" rev="4">
<attrib name="value" value="207"/></item>
<item name="CLK" rev="4">
<attrib name="value" value="294"/></item>
<item name="COUT" rev="4">
<attrib name="value" value="217"/></item>
<item name="F1" rev="4">
<attrib name="value" value="819"/></item>
<item name="F2" rev="4">
<attrib name="value" value="716"/></item>
<item name="F3" rev="4">
<attrib name="value" value="546"/></item>
<item name="F4" rev="4">
<attrib name="value" value="341"/></item>
<item name="F5" rev="4">
<attrib name="value" value="128"/></item>
<item name="FXINA" rev="4">
<attrib name="value" value="64"/></item>
<item name="FXINB" rev="4">
<attrib name="value" value="64"/></item>
<item name="G1" rev="4">
<attrib name="value" value="780"/></item>
<item name="G2" rev="4">
<attrib name="value" value="711"/></item>
<item name="G3" rev="4">
<attrib name="value" value="560"/></item>
<item name="G4" rev="4">
<attrib name="value" value="330"/></item>
<item name="SR" rev="4">
<attrib name="value" value="70"/></item>
<item name="X" rev="4">
<attrib name="value" value="456"/></item>
<item name="XQ" rev="4">
<attrib name="value" value="273"/></item>
<item name="Y" rev="4">
<attrib name="value" value="465"/></item>
<item name="YQ" rev="4">
<attrib name="value" value="207"/></item>
</group>
<group name="SLICEL_F6MUX">
<item name="0" rev="4">
<attrib name="value" value="64"/></item>
<item name="1" rev="4">
<attrib name="value" value="64"/></item>
<item name="OUT" rev="4">
<attrib name="value" value="64"/></item>
<item name="S0" rev="4">
<attrib name="value" value="64"/></item>
</group>
<group name="IOB_OUTBUF">
<item name="IN" rev="4">
<attrib name="value" value="9"/></item>
<item name="OUT" rev="4">
<attrib name="value" value="9"/></item>
</group>
<group name="IBUF">
<item name="I" rev="4">
<attrib name="value" value="3"/></item>
<item name="PAD" rev="4">
<attrib name="value" value="3"/></item>
</group>
<group name="MULT18X18SIO">
<item name="A0" rev="4">
<attrib name="value" value="6"/></item>
<item name="A1" rev="4">
<attrib name="value" value="6"/></item>
<item name="A10" rev="4">
<attrib name="value" value="6"/></item>
<item name="A11" rev="4">
<attrib name="value" value="6"/></item>
<item name="A12" rev="4">
<attrib name="value" value="6"/></item>
<item name="A13" rev="4">
<attrib name="value" value="6"/></item>
<item name="A14" rev="4">
<attrib name="value" value="6"/></item>
<item name="A15" rev="4">
<attrib name="value" value="6"/></item>
<item name="A16" rev="4">
<attrib name="value" value="6"/></item>
<item name="A17" rev="4">
<attrib name="value" value="6"/></item>
<item name="A2" rev="4">
<attrib name="value" value="6"/></item>
<item name="A3" rev="4">
<attrib name="value" value="6"/></item>
<item name="A4" rev="4">
<attrib name="value" value="6"/></item>
<item name="A5" rev="4">
<attrib name="value" value="6"/></item>
<item name="A6" rev="4">
<attrib name="value" value="6"/></item>
<item name="A7" rev="4">
<attrib name="value" value="6"/></item>
<item name="A8" rev="4">
<attrib name="value" value="6"/></item>
<item name="A9" rev="4">
<attrib name="value" value="6"/></item>
<item name="B0" rev="4">
<attrib name="value" value="6"/></item>
<item name="B1" rev="4">
<attrib name="value" value="6"/></item>
<item name="B10" rev="4">
<attrib name="value" value="6"/></item>
<item name="B11" rev="4">
<attrib name="value" value="6"/></item>
<item name="B12" rev="4">
<attrib name="value" value="6"/></item>
<item name="B13" rev="4">
<attrib name="value" value="6"/></item>
<item name="B14" rev="4">
<attrib name="value" value="6"/></item>
<item name="B15" rev="4">
<attrib name="value" value="6"/></item>
<item name="B16" rev="4">
<attrib name="value" value="6"/></item>
<item name="B17" rev="4">
<attrib name="value" value="6"/></item>
<item name="B2" rev="4">
<attrib name="value" value="6"/></item>
<item name="B3" rev="4">
<attrib name="value" value="6"/></item>
<item name="B4" rev="4">
<attrib name="value" value="6"/></item>
<item name="B5" rev="4">
<attrib name="value" value="6"/></item>
<item name="B6" rev="4">
<attrib name="value" value="6"/></item>
<item name="B7" rev="4">
<attrib name="value" value="6"/></item>
<item name="B8" rev="4">
<attrib name="value" value="6"/></item>
<item name="B9" rev="4">
<attrib name="value" value="6"/></item>
<item name="CEA" rev="4">
<attrib name="value" value="6"/></item>
<item name="CEB" rev="4">
<attrib name="value" value="6"/></item>
<item name="CEP" rev="4">
<attrib name="value" value="6"/></item>
<item name="CLK" rev="4">
<attrib name="value" value="6"/></item>
<item name="P0" rev="4">
<attrib name="value" value="6"/></item>
<item name="P1" rev="4">
<attrib name="value" value="6"/></item>
<item name="P10" rev="4">
<attrib name="value" value="6"/></item>
<item name="P11" rev="4">
<attrib name="value" value="6"/></item>
<item name="P12" rev="4">
<attrib name="value" value="6"/></item>
<item name="P13" rev="4">
<attrib name="value" value="6"/></item>
<item name="P14" rev="4">
<attrib name="value" value="6"/></item>
<item name="P15" rev="4">
<attrib name="value" value="6"/></item>
<item name="P16" rev="4">
<attrib name="value" value="6"/></item>
<item name="P17" rev="4">
<attrib name="value" value="6"/></item>
<item name="P18" rev="4">
<attrib name="value" value="6"/></item>
<item name="P19" rev="4">
<attrib name="value" value="6"/></item>
<item name="P2" rev="4">
<attrib name="value" value="6"/></item>
<item name="P20" rev="4">
<attrib name="value" value="6"/></item>
<item name="P21" rev="4">
<attrib name="value" value="6"/></item>
<item name="P22" rev="4">
<attrib name="value" value="6"/></item>
<item name="P23" rev="4">
<attrib name="value" value="6"/></item>
<item name="P24" rev="4">
<attrib name="value" value="6"/></item>
<item name="P25" rev="4">
<attrib name="value" value="6"/></item>
<item name="P26" rev="4">
<attrib name="value" value="6"/></item>
<item name="P27" rev="4">
<attrib name="value" value="6"/></item>
<item name="P28" rev="4">
<attrib name="value" value="6"/></item>
<item name="P29" rev="4">
<attrib name="value" value="6"/></item>
<item name="P3" rev="4">
<attrib name="value" value="6"/></item>
<item name="P30" rev="4">
<attrib name="value" value="6"/></item>
<item name="P31" rev="4">
<attrib name="value" value="6"/></item>
<item name="P4" rev="4">
<attrib name="value" value="6"/></item>
<item name="P5" rev="4">
<attrib name="value" value="6"/></item>
<item name="P6" rev="4">
<attrib name="value" value="6"/></item>
<item name="P7" rev="4">
<attrib name="value" value="6"/></item>
<item name="P8" rev="4">
<attrib name="value" value="6"/></item>
<item name="P9" rev="4">
<attrib name="value" value="6"/></item>
<item name="RSTA" rev="4">
<attrib name="value" value="6"/></item>
<item name="RSTB" rev="4">
<attrib name="value" value="6"/></item>
<item name="RSTP" rev="4">
<attrib name="value" value="6"/></item>
</group>
<group name="SLICEL_C2VDD">
<item name="1" rev="4">
<attrib name="value" value="10"/></item>
</group>
<group name="SLICEL_XORF">
<item name="0" rev="4">
<attrib name="value" value="160"/></item>
<item name="1" rev="4">
<attrib name="value" value="160"/></item>
<item name="O" rev="4">
<attrib name="value" value="160"/></item>
</group>
<group name="SLICEL_FFX">
<item name="CE" rev="4">
<attrib name="value" value="165"/></item>
<item name="CK" rev="4">
<attrib name="value" value="273"/></item>
<item name="D" rev="4">
<attrib name="value" value="273"/></item>
<item name="Q" rev="4">
<attrib name="value" value="273"/></item>
<item name="REV" rev="4">
<attrib name="value" value="3"/></item>
<item name="SR" rev="4">
<attrib name="value" value="53"/></item>
</group>
<group name="SLICEL_FFY">
<item name="CE" rev="4">
<attrib name="value" value="126"/></item>
<item name="CK" rev="4">
<attrib name="value" value="207"/></item>
<item name="D" rev="4">
<attrib name="value" value="207"/></item>
<item name="Q" rev="4">
<attrib name="value" value="207"/></item>
<item name="REV" rev="4">
<attrib name="value" value="3"/></item>
<item name="SR" rev="4">
<attrib name="value" value="58"/></item>
</group>
<group name="SLICEL_XORG">
<item name="0" rev="4">
<attrib name="value" value="160"/></item>
<item name="1" rev="4">
<attrib name="value" value="160"/></item>
<item name="O" rev="4">
<attrib name="value" value="160"/></item>
</group>
<group name="BUFGMUX_GCLKMUX">
<item name="I0" rev="4">
<attrib name="value" value="4"/></item>
<item name="OUT" rev="4">
<attrib name="value" value="4"/></item>
<item name="S" rev="4">
<attrib name="value" value="4"/></item>
</group>
<group name="SLICEL_F5MUX">
<item name="F" rev="4">
<attrib name="value" value="210"/></item>
<item name="G" rev="4">
<attrib name="value" value="210"/></item>
<item name="OUT" rev="4">
<attrib name="value" value="210"/></item>
<item name="S0" rev="4">
<attrib name="value" value="210"/></item>
</group>
<group name="MULT18X18SIO_MULT18X18SIO">
<item name="A0" rev="4">
<attrib name="value" value="6"/></item>
<item name="A1" rev="4">
<attrib name="value" value="6"/></item>
<item name="A10" rev="4">
<attrib name="value" value="6"/></item>
<item name="A11" rev="4">
<attrib name="value" value="6"/></item>
<item name="A12" rev="4">
<attrib name="value" value="6"/></item>
<item name="A13" rev="4">
<attrib name="value" value="6"/></item>
<item name="A14" rev="4">
<attrib name="value" value="6"/></item>
<item name="A15" rev="4">
<attrib name="value" value="6"/></item>
<item name="A16" rev="4">
<attrib name="value" value="6"/></item>
<item name="A17" rev="4">
<attrib name="value" value="6"/></item>
<item name="A2" rev="4">
<attrib name="value" value="6"/></item>
<item name="A3" rev="4">
<attrib name="value" value="6"/></item>
<item name="A4" rev="4">
<attrib name="value" value="6"/></item>
<item name="A5" rev="4">
<attrib name="value" value="6"/></item>
<item name="A6" rev="4">
<attrib name="value" value="6"/></item>
<item name="A7" rev="4">
<attrib name="value" value="6"/></item>
<item name="A8" rev="4">
<attrib name="value" value="6"/></item>
<item name="A9" rev="4">
<attrib name="value" value="6"/></item>
<item name="B0" rev="4">
<attrib name="value" value="6"/></item>
<item name="B1" rev="4">
<attrib name="value" value="6"/></item>
<item name="B10" rev="4">
<attrib name="value" value="6"/></item>
<item name="B11" rev="4">
<attrib name="value" value="6"/></item>
<item name="B12" rev="4">
<attrib name="value" value="6"/></item>
<item name="B13" rev="4">
<attrib name="value" value="6"/></item>
<item name="B14" rev="4">
<attrib name="value" value="6"/></item>
<item name="B15" rev="4">
<attrib name="value" value="6"/></item>
<item name="B16" rev="4">
<attrib name="value" value="6"/></item>
<item name="B17" rev="4">
<attrib name="value" value="6"/></item>
<item name="B2" rev="4">
<attrib name="value" value="6"/></item>
<item name="B3" rev="4">
<attrib name="value" value="6"/></item>
<item name="B4" rev="4">
<attrib name="value" value="6"/></item>
<item name="B5" rev="4">
<attrib name="value" value="6"/></item>
<item name="B6" rev="4">
<attrib name="value" value="6"/></item>
<item name="B7" rev="4">
<attrib name="value" value="6"/></item>
<item name="B8" rev="4">
<attrib name="value" value="6"/></item>
<item name="B9" rev="4">
<attrib name="value" value="6"/></item>
<item name="CEA" rev="4">
<attrib name="value" value="6"/></item>
<item name="CEB" rev="4">
<attrib name="value" value="6"/></item>
<item name="CEP" rev="4">
<attrib name="value" value="6"/></item>
<item name="CLK" rev="4">
<attrib name="value" value="6"/></item>
<item name="P0" rev="4">
<attrib name="value" value="6"/></item>
<item name="P1" rev="4">
<attrib name="value" value="6"/></item>
<item name="P10" rev="4">
<attrib name="value" value="6"/></item>
<item name="P11" rev="4">
<attrib name="value" value="6"/></item>
<item name="P12" rev="4">
<attrib name="value" value="6"/></item>
<item name="P13" rev="4">
<attrib name="value" value="6"/></item>
<item name="P14" rev="4">
<attrib name="value" value="6"/></item>
<item name="P15" rev="4">
<attrib name="value" value="6"/></item>
<item name="P16" rev="4">
<attrib name="value" value="6"/></item>
<item name="P17" rev="4">
<attrib name="value" value="6"/></item>
<item name="P18" rev="4">
<attrib name="value" value="6"/></item>
<item name="P19" rev="4">
<attrib name="value" value="6"/></item>
<item name="P2" rev="4">
<attrib name="value" value="6"/></item>
<item name="P20" rev="4">
<attrib name="value" value="6"/></item>
<item name="P21" rev="4">
<attrib name="value" value="6"/></item>
<item name="P22" rev="4">
<attrib name="value" value="6"/></item>
<item name="P23" rev="4">
<attrib name="value" value="6"/></item>
<item name="P24" rev="4">
<attrib name="value" value="6"/></item>
<item name="P25" rev="4">
<attrib name="value" value="6"/></item>
<item name="P26" rev="4">
<attrib name="value" value="6"/></item>
<item name="P27" rev="4">
<attrib name="value" value="6"/></item>
<item name="P28" rev="4">
<attrib name="value" value="6"/></item>
<item name="P29" rev="4">
<attrib name="value" value="6"/></item>
<item name="P3" rev="4">
<attrib name="value" value="6"/></item>
<item name="P30" rev="4">
<attrib name="value" value="6"/></item>
<item name="P31" rev="4">
<attrib name="value" value="6"/></item>
<item name="P4" rev="4">
<attrib name="value" value="6"/></item>
<item name="P5" rev="4">
<attrib name="value" value="6"/></item>
<item name="P6" rev="4">
<attrib name="value" value="6"/></item>
<item name="P7" rev="4">
<attrib name="value" value="6"/></item>
<item name="P8" rev="4">
<attrib name="value" value="6"/></item>
<item name="P9" rev="4">
<attrib name="value" value="6"/></item>
<item name="RSTA" rev="4">
<attrib name="value" value="6"/></item>
<item name="RSTB" rev="4">
<attrib name="value" value="6"/></item>
<item name="RSTP" rev="4">
<attrib name="value" value="6"/></item>
</group>
<group name="IOB_PAD">
<item name="PAD" rev="4">
<attrib name="value" value="9"/></item>
</group>
<group name="IOB">
<item name="O1" rev="4">
<attrib name="value" value="9"/></item>
<item name="PAD" rev="4">
<attrib name="value" value="9"/></item>
</group>
<group name="SLICEL_C1VDD">
<item name="1" rev="4">
<attrib name="value" value="13"/></item>
</group>
<group name="BUFGMUX">
<item name="I0" rev="4">
<attrib name="value" value="4"/></item>
<item name="O" rev="4">
<attrib name="value" value="4"/></item>
<item name="S" rev="4">
<attrib name="value" value="4"/></item>
</group>
<group name="SLICEL_F">
<item name="A1" rev="4">
<attrib name="value" value="818"/></item>
<item name="A2" rev="4">
<attrib name="value" value="716"/></item>
<item name="A3" rev="4">
<attrib name="value" value="546"/></item>
<item name="A4" rev="4">
<attrib name="value" value="341"/></item>
<item name="D" rev="4">
<attrib name="value" value="822"/></item>
</group>
<group name="SLICEL_G">
<item name="A1" rev="4">
<attrib name="value" value="780"/></item>
<item name="A2" rev="4">
<attrib name="value" value="711"/></item>
<item name="A3" rev="4">
<attrib name="value" value="560"/></item>
<item name="A4" rev="4">
<attrib name="value" value="330"/></item>
<item name="D" rev="4">
<attrib name="value" value="781"/></item>
</group>
<group name="SLICEL_GNDF">
<item name="0" rev="4">
<attrib name="value" value="79"/></item>
</group>
<group name="SLICEL_GNDG">
<item name="0" rev="4">
<attrib name="value" value="75"/></item>
</group>
</ReportPinData>
<CmdHistory>
</CmdHistory>
</DeviceUsageSummary>
